P_yrs,e_true,w_true_deg,i_true_deg,vz0_true,M_true_solar
55.57430615893537,0.8937338459583809,217.10957323185508,158.01864719054345,4.830055587077773,2663209.814230012
