P_yrs,e_true,w_true_deg,i_true_deg,vz0_true
13.09854415778645,0.8947945667282292,345.1007674194871,147.89924508763505,1.4557135122534959
