P_yrs,e_true,w_true_deg,i_true_deg,vz0_true
13.289734032258014,0.9162727006505412,61.11949609215871,149.2719286548284,0.26038084507725046
