P_yrs,e_true,w_true_deg,i_true_deg,vz0_true,M_true_solar
209.18421570449186,0.9116272554094653,187.2080064718095,32.378734739745084,31.418131055108006,573014324.0381554
